experiment,model,cv_f2_yes,val_accuracy,val_precision,val_recall,val_f1_yes,val_f2_yes,val_roc_auc,val_pr_auc
all_features,Logistic Regression,0.531129505128646,0.8011658031088082,0.3157894736842105,0.6551724137931034,0.4261682242990654,0.5392620624408704,0.7884623552730933,0.4340134641336699
all_features,Decision Tree,0.4287359888611751,0.8787240932642487,0.46164978292329956,0.4583333333333333,0.45998558038932946,0.4589928057553957,0.7456465255054955,0.3802563657405009
all_features,Random Forest,0.33207315616216926,0.8889248704663213,0.5130890052356021,0.28160919540229884,0.36363636363636365,0.30953885028427036,0.780823947059317,0.4096009326252866
all_features,Gradient Boosting,0.3671488285843806,0.8907059585492227,0.5229759299781181,0.34339080459770116,0.41457068516912404,0.3687133600740512,0.785746103909724,0.4446534833336463
