accuracy,precision,recall,f1_yes,f2_yes,roc_auc,pr_auc,label,n_features,features,model
0.8546219847822567,0.4050751879699248,0.6192528735632183,0.48977272727272725,0.560031185031185,0.8051407212376296,0.4505338118935443,Svi atributi,17,"job, marital, education, default, housing, loan, contact, month, day_of_week, poutcome, age, campaign, pdays, previous, cons.price.idx, cons.conf.idx, euribor3m",Random Forest
0.7846851222276185,0.304320987654321,0.7083333333333334,0.42573402417962003,0.5597184377838329,0.8124532082617695,0.44329632731840896,Top 5,5,"contact, poutcome, pdays, cons.conf.idx, euribor3m",Random Forest
0.8309859154929577,0.36384976525821594,0.6681034482758621,0.47112462006079026,0.5723781388478582,0.8139429418660493,0.445769628738482,Top 10,10,"job, default, contact, month, poutcome, pdays, previous, cons.price.idx, cons.conf.idx, euribor3m",Random Forest
0.8434515136797798,0.3848768054375531,0.6508620689655172,0.48371596369460756,0.571825296642262,0.8119251300731681,0.4572522381646122,Top 15,15,"job, education, default, housing, loan, contact, month, day_of_week, poutcome, campaign, pdays, previous, cons.price.idx, cons.conf.idx, euribor3m",Random Forest
