accuracy,precision,recall,f1_yes,f2_yes,roc_auc,pr_auc,label,n_features,features,model
0.8149587178241865,0.34137686302342085,0.6910919540229885,0.45700712589073633,0.5735750059623181,0.808567134741332,0.4441320629915628,Svi atributi,17,"job, marital, education, default, housing, loan, contact, month, day_of_week, poutcome, age, campaign, pdays, previous, cons.price.idx, cons.conf.idx, euribor3m",Logistic Regression
0.7733527602395985,0.29318448883666276,0.7169540229885057,0.41618015012510423,0.5561747659384753,0.8063456412643887,0.4438395053741814,Top 5,5,"job, contact, month, poutcome, euribor3m",Logistic Regression
0.7901894123360855,0.3106060606060606,0.7068965517241379,0.43157894736842106,0.5631868131868132,0.808932687004427,0.43875010140621046,Top 10,10,"job, marital, education, default, contact, month, day_of_week, poutcome, previous, euribor3m",Logistic Regression
0.8136635907398413,0.34035087719298246,0.6968390804597702,0.45733144743045734,0.5761463530529817,0.8107124769580181,0.4424885610515279,Top 15,15,"job, marital, education, default, housing, loan, contact, month, day_of_week, poutcome, campaign, previous, cons.price.idx, cons.conf.idx, euribor3m",Logistic Regression
