accuracy,precision,recall,f1_yes,f2_yes,roc_auc,pr_auc,label,n_features,features,model
0.8889428525174032,0.5075528700906344,0.4827586206896552,0.4948453608247423,0.4875217643644806,0.8095298387113685,0.4536283295382409,Svi atributi,17,"job, marital, education, default, housing, loan, contact, month, day_of_week, poutcome, age, campaign, pdays, previous, cons.price.idx, cons.conf.idx, euribor3m",Gradient Boosting
0.8474987858183585,0.39172535211267606,0.639367816091954,0.48580786026200873,0.5676020408163265,0.8068080537363137,0.4055346080702169,Top 5,5,"job, education, month, day_of_week, euribor3m",Gradient Boosting
0.8735632183908046,0.4539544962080173,0.6020114942528736,0.5176034589252625,0.5651470191529538,0.8091937770395955,0.40776870299356727,Top 10,10,"job, education, default, housing, loan, contact, month, day_of_week, campaign, euribor3m",Gradient Boosting
0.8746964545896067,0.4554794520547945,0.5732758620689655,0.5076335877862596,0.5450819672131147,0.8110603348663198,0.455808796964206,Top 15,15,"job, marital, education, default, housing, loan, contact, month, day_of_week, poutcome, campaign, pdays, previous, cons.conf.idx, euribor3m",Gradient Boosting
