model,best_cv_f2_yes,val_accuracy,val_precision,val_recall,val_f1_yes,val_f2_yes,val_roc_auc,val_pr_auc,best_params
Logistic Regression,0.5322553245649317,0.7980893782383419,0.3127124405166553,0.6609195402298851,0.42455006922012,0.5405405405405406,0.7878000723634533,0.43635693505507006,"{'classifier__C': 0.01, 'classifier__penalty': 'l2'}"
Decision Tree,0.49807650807119935,0.8775906735751295,0.4604221635883905,0.5014367816091954,0.48005502063273725,0.49265951439864486,0.7551387228374863,0.38745140338661965,"{'classifier__criterion': 'entropy', 'classifier__max_depth': 5, 'classifier__min_samples_split': 2}"
Random Forest,0.5201740614838728,0.8377590673575129,0.362657091561939,0.5804597701149425,0.44640883977900553,0.5182144689584403,0.7758878943283832,0.43861005781150836,"{'classifier__max_depth': 5, 'classifier__max_features': 'sqrt', 'classifier__min_samples_split': 2, 'classifier__n_estimators': 200}"
Gradient Boosting,0.44982831503442017,0.8855246113989638,0.4916030534351145,0.46264367816091956,0.47668393782383417,0.46815934864786274,0.7842327638644181,0.4431755957781035,"{'classifier__learning_rate': 0.05, 'classifier__max_depth': 3, 'classifier__n_estimators': 100, 'classifier__subsample': 1.0}"
