experiment,model,cv_f2_yes,val_accuracy,val_precision,val_recall,val_f1_yes,val_f2_yes,val_roc_auc,val_pr_auc
without_economic_features,Logistic Regression,0.47763216766805117,0.7705634715025906,0.2675693101225016,0.5962643678160919,0.3693813974187806,0.4786620530565167,0.7548225260088933,0.3857648015872795
without_economic_features,Decision Tree,0.3871948033158804,0.877428756476684,0.4504065040650406,0.39798850574712646,0.4225781845919146,0.4074727861135628,0.7172940787817771,0.32009555855794525
without_economic_features,Random Forest,0.28839008271168864,0.8830958549222798,0.4675,0.2686781609195402,0.34124087591240876,0.29365577889447236,0.7530293019548621,0.3503043603919117
without_economic_features,Gradient Boosting,0.3192369351772292,0.8897344559585493,0.5189873417721519,0.29454022988505746,0.3758020164986251,0.3224284366152878,0.7589722816511453,0.39792301271531455
